{
    "name": "root",
    "gauges": {
        "ButtonChaser.Policy.Entropy.mean": {
            "value": 2.9489479064941406,
            "min": 2.9489479064941406,
            "max": 3.2897181510925293,
            "count": 9
        },
        "ButtonChaser.Policy.Entropy.sum": {
            "value": 27177.50390625,
            "min": 27177.50390625,
            "max": 60636.0859375,
            "count": 9
        },
        "ButtonChaser.Step.mean": {
            "value": 107520.0,
            "min": 11264.0,
            "max": 107520.0,
            "count": 9
        },
        "ButtonChaser.Step.sum": {
            "value": 107520.0,
            "min": 11264.0,
            "max": 107520.0,
            "count": 9
        },
        "ButtonChaser.Policy.ExtrinsicValueEstimate.mean": {
            "value": -0.03325744345784187,
            "min": -0.03679727017879486,
            "max": 0.08996769040822983,
            "count": 9
        },
        "ButtonChaser.Policy.ExtrinsicValueEstimate.sum": {
            "value": -0.3990893065929413,
            "min": -0.4047699570655823,
            "max": 1.0796122550964355,
            "count": 9
        },
        "ButtonChaser.Losses.PolicyLoss.mean": {
            "value": 0.07197326596845717,
            "min": 0.06563545154218715,
            "max": 0.07764958920543669,
            "count": 9
        },
        "ButtonChaser.Losses.PolicyLoss.sum": {
            "value": 0.07197326596845717,
            "min": 0.06563545154218715,
            "max": 0.14334298830484232,
            "count": 9
        },
        "ButtonChaser.Losses.ValueLoss.mean": {
            "value": 0.002859797786287446,
            "min": 0.000703443475079742,
            "max": 0.002859797786287446,
            "count": 9
        },
        "ButtonChaser.Losses.ValueLoss.sum": {
            "value": 0.002859797786287446,
            "min": 0.0009393194556684682,
            "max": 0.005186651683794076,
            "count": 9
        },
        "ButtonChaser.Policy.LearningRate.mean": {
            "value": 0.0002695872101376,
            "min": 0.0002695872101376,
            "max": 0.00029723520092159996,
            "count": 9
        },
        "ButtonChaser.Policy.LearningRate.sum": {
            "value": 0.0002695872101376,
            "min": 0.0002695872101376,
            "max": 0.0005751168082944,
            "count": 9
        },
        "ButtonChaser.Policy.Epsilon.mean": {
            "value": 0.18986240000000001,
            "min": 0.18986240000000001,
            "max": 0.19907840000000002,
            "count": 9
        },
        "ButtonChaser.Policy.Epsilon.sum": {
            "value": 0.18986240000000001,
            "min": 0.18986240000000001,
            "max": 0.3917056,
            "count": 9
        },
        "ButtonChaser.Policy.Beta.mean": {
            "value": 0.0008996377600000003,
            "min": 0.0008996377600000003,
            "max": 0.0009908761599999997,
            "count": 9
        },
        "ButtonChaser.Policy.Beta.sum": {
            "value": 0.0008996377600000003,
            "min": 0.0008996377600000003,
            "max": 0.0019178854399999998,
            "count": 9
        },
        "ButtonChaser.IsTraining.mean": {
            "value": 1.0,
            "min": 1.0,
            "max": 1.0,
            "count": 9
        },
        "ButtonChaser.IsTraining.sum": {
            "value": 1.0,
            "min": 1.0,
            "max": 1.0,
            "count": 9
        }
    },
    "metadata": {
        "timer_format_version": "0.1.0",
        "start_time_seconds": "1705508030",
        "python_version": "3.10.11 | packaged by Anaconda, Inc. | (main, May 16 2023, 00:55:32) [MSC v.1916 64 bit (AMD64)]",
        "command_line_arguments": "C:\\Users\\niko1\\anaconda3\\envs\\mlagents\\Scripts\\mlagents-learn ML/ButtonChaser.yaml --run-id=chaserAttempt3",
        "mlagents_version": "1.1.0.dev0",
        "mlagents_envs_version": "1.1.0.dev0",
        "communication_protocol_version": "1.5.0",
        "pytorch_version": "2.1.2+cpu",
        "numpy_version": "1.23.5",
        "end_time_seconds": "1705509045"
    },
    "total": 1015.8172866000095,
    "count": 1,
    "self": 0.013247300055809319,
    "children": {
        "run_training.setup": {
            "total": 0.18159519997425377,
            "count": 1,
            "self": 0.18159519997425377
        },
        "TrainerController.start_learning": {
            "total": 1015.6224440999795,
            "count": 1,
            "self": 0.3637077980674803,
            "children": {
                "TrainerController._reset_env": {
                    "total": 16.94365560001461,
                    "count": 1,
                    "self": 16.94365560001461
                },
                "TrainerController.advance": {
                    "total": 997.5961003018892,
                    "count": 13348,
                    "self": 0.38495920394780114,
                    "children": {
                        "env_step": {
                            "total": 499.6187151998165,
                            "count": 13348,
                            "self": 373.6960486990283,
                            "children": {
                                "SubprocessEnvManager._take_step": {
                                    "total": 125.57184590166435,
                                    "count": 13348,
                                    "self": 1.1754082025727257,
                                    "children": {
                                        "TorchPolicy.evaluate": {
                                            "total": 124.39643769909162,
                                            "count": 13348,
                                            "self": 124.39643769909162
                                        }
                                    }
                                },
                                "workers": {
                                    "total": 0.35082059912383556,
                                    "count": 13347,
                                    "self": 0.0,
                                    "children": {
                                        "worker_root": {
                                            "total": 998.310124500189,
                                            "count": 13347,
                                            "is_parallel": true,
                                            "self": 652.078098801896,
                                            "children": {
                                                "steps_from_proto": {
                                                    "total": 0.02648370002862066,
                                                    "count": 1,
                                                    "is_parallel": true,
                                                    "self": 0.0003245000261813402,
                                                    "children": {
                                                        "_process_maybe_compressed_observation": {
                                                            "total": 0.025850799982436,
                                                            "count": 2,
                                                            "is_parallel": true,
                                                            "self": 0.0001686000032350421,
                                                            "children": {
                                                                "_observation_to_np_array": {
                                                                    "total": 0.02568219997920096,
                                                                    "count": 9,
                                                                    "is_parallel": true,
                                                                    "self": 0.00022200023522600532,