{"count":1,"self":45.2858976,"total":125.9148767,"children":{"InitializeActuators":{"count":55,"self":0.0065647,"total":0.0065647,"children":null},"InitializeSensors":{"count":55,"self":0.016182099999999998,"total":0.016182099999999998,"children":null},"GridSensor.Update":{"count":625,"self":0.9931838,"total":0.9931838,"children":null},"AgentSendState":{"count":5955,"self":0.44709669999999996,"total":56.1474209,"children":{"GridSensor.Update":{"count":35730,"self":55.4733568,"total":55.4733576,"children":null},"CollectObservations":{"count":35730,"self":0.0287686,"total":0.0287686,"children":null},"WriteActionMask":{"count":35730,"self":0.065123199999999992,"total":0.065123199999999992,"children":null},"RequestDecision":{"count":35730,"self":0.1330748,"total":0.1330748,"children":null}}},"DecideAction":{"count":5955,"self":7.7526303999999993,"total":22.138469999999998,"children":{"GridSensor.Write":{"count":35730,"self":14.38584,"total":14.385839299999999,"children":null}}},"AgentAct":{"count":5955,"self":1.3251576999999999,"total":1.3251576999999999,"children":null}},"gauges":{"ButtonChaser.CumulativeReward":{"count":600,"max":0.2709996,"min":-0.328998744,"runningAverage":-0.0258099623,"value":-0.03490054,"weightedAverage":-0.02653981}},"metadata":{"timer_format_version":"0.1.0","start_time_seconds":"1705587051","unity_version":"2022.3.16f1","command_line_arguments":"C:\\Program Files\\Unity\\Hub\\Editor\\2022.3.16f1\\Editor\\Unity.exe -projectpath C:\\Code\\UnityAI\\AI_RL_Lab_02 -useHub -hubIPC -cloudEnvironment production","communication_protocol_version":"1.5.0","com.unity.ml-agents_version":"3.0.0-exp.1","scene_name":"SampleScene","end_time_seconds":"1705587176"}}